[{"model": "auth.permission", "pk": 1, "fields": {"name": "Can add log entry", "content_type": 1, "codename": "add_logentry"}}, {"model": "auth.permission", "pk": 2, "fields": {"name": "Can change log entry", "content_type": 1, "codename": "change_logentry"}}, {"model": "auth.permission", "pk": 3, "fields": {"name": "Can delete log entry", "content_type": 1, "codename": "delete_logentry"}}, {"model": "auth.permission", "pk": 4, "fields": {"name": "Can view log entry", "content_type": 1, "codename": "view_logentry"}}, {"model": "auth.permission", "pk": 5, "fields": {"name": "Can add permission", "content_type": 2, "codename": "add_permission"}}, {"model": "auth.permission", "pk": 6, "fields": {"name": "Can change permission", "content_type": 2, "codename": "change_permission"}}, {"model": "auth.permission", "pk": 7, "fields": {"name": "Can delete permission", "content_type": 2, "codename": "delete_permission"}}, {"model": "auth.permission", "pk": 8, "fields": {"name": "Can view permission", "content_type": 2, "codename": "view_permission"}}, {"model": "auth.permission", "pk": 9, "fields": {"name": "Can add group", "content_type": 3, "codename": "add_group"}}, {"model": "auth.permission", "pk": 10, "fields": {"name": "Can change group", "content_type": 3, "codename": "change_group"}}, {"model": "auth.permission", "pk": 11, "fields": {"name": "Can delete group", "content_type": 3, "codename": "delete_group"}}, {"model": "auth.permission", "pk": 12, "fields": {"name": "Can view group", "content_type": 3, "codename": "view_group"}}, {"model": "auth.permission", "pk": 13, "fields": {"name": "Can add user", "content_type": 4, "codename": "add_user"}}, {"model": "auth.permission", "pk": 14, "fields": {"name": "Can change user", "content_type": 4, "codename": "change_user"}}, {"model": "auth.permission", "pk": 15, "fields": {"name": "Can delete user", "content_type": 4, "codename": "delete_user"}}, {"model": "auth.permission", "pk": 16, "fields": {"name": "Can view user", "content_type": 4, "codename": "view_user"}}, {"model": "auth.permission", "pk": 17, "fields": {"name": "Can add content type", "content_type": 5, "codename": "add_contenttype"}}, {"model": "auth.permission", "pk": 18, "fields": {"name": "Can change content type", "content_type": 5, "codename": "change_contenttype"}}, {"model": "auth.permission", "pk": 19, "fields": {"name": "Can delete content type", "content_type": 5, "codename": "delete_contenttype"}}, {"model": "auth.permission", "pk": 20, "fields": {"name": "Can view content type", "content_type": 5, "codename": "view_contenttype"}}, {"model": "auth.permission", "pk": 21, "fields": {"name": "Can add session", "content_type": 6, "codename": "add_session"}}, {"model": "auth.permission", "pk": 22, "fields": {"name": "Can change session", "content_type": 6, "codename": "change_session"}}, {"model": "auth.permission", "pk": 23, "fields": {"name": "Can delete session", "content_type": 6, "codename": "delete_session"}}, {"model": "auth.permission", "pk": 24, "fields": {"name": "Can view session", "content_type": 6, "codename": "view_session"}}, {"model": "auth.permission", "pk": 25, "fields": {"name": "Can add solar event", "content_type": 7, "codename": "add_solarschedule"}}, {"model": "auth.permission", "pk": 26, "fields": {"name": "Can change solar event", "content_type": 7, "codename": "change_solarschedule"}}, {"model": "auth.permission", "pk": 27, "fields": {"name": "Can delete solar event", "content_type": 7, "codename": "delete_solarschedule"}}, {"model": "auth.permission", "pk": 28, "fields": {"name": "Can view solar event", "content_type": 7, "codename": "view_solarschedule"}}, {"model": "auth.permission", "pk": 29, "fields": {"name": "Can add interval", "content_type": 8, "codename": "add_intervalschedule"}}, {"model": "auth.permission", "pk": 30, "fields": {"name": "Can change interval", "content_type": 8, "codename": "change_intervalschedule"}}, {"model": "auth.permission", "pk": 31, "fields": {"name": "Can delete interval", "content_type": 8, "codename": "delete_intervalschedule"}}, {"model": "auth.permission", "pk": 32, "fields": {"name": "Can view interval", "content_type": 8, "codename": "view_intervalschedule"}}, {"model": "auth.permission", "pk": 33, "fields": {"name": "Can add crontab", "content_type": 9, "codename": "add_crontabschedule"}}, {"model": "auth.permission", "pk": 34, "fields": {"name": "Can change crontab", "content_type": 9, "codename": "change_crontabschedule"}}, {"model": "auth.permission", "pk": 35, "fields": {"name": "Can delete crontab", "content_type": 9, "codename": "delete_crontabschedule"}}, {"model": "auth.permission", "pk": 36, "fields": {"name": "Can view crontab", "content_type": 9, "codename": "view_crontabschedule"}}, {"model": "auth.permission", "pk": 37, "fields": {"name": "Can add periodic tasks", "content_type": 10, "codename": "add_periodictasks"}}, {"model": "auth.permission", "pk": 38, "fields": {"name": "Can change periodic tasks", "content_type": 10, "codename": "change_periodictasks"}}, {"model": "auth.permission", "pk": 39, "fields": {"name": "Can delete periodic tasks", "content_type": 10, "codename": "delete_periodictasks"}}, {"model": "auth.permission", "pk": 40, "fields": {"name": "Can view periodic tasks", "content_type": 10, "codename": "view_periodictasks"}}, {"model": "auth.permission", "pk": 41, "fields": {"name": "Can add periodic task", "content_type": 11, "codename": "add_periodictask"}}, {"model": "auth.permission", "pk": 42, "fields": {"name": "Can change periodic task", "content_type": 11, "codename": "change_periodictask"}}, {"model": "auth.permission", "pk": 43, "fields": {"name": "Can delete periodic task", "content_type": 11, "codename": "delete_periodictask"}}, {"model": "auth.permission", "pk": 44, "fields": {"name": "Can view periodic task", "content_type": 11, "codename": "view_periodictask"}}, {"model": "auth.permission", "pk": 45, "fields": {"name": "Can add caller", "content_type": 12, "codename": "add_caller"}}, {"model": "auth.permission", "pk": 46, "fields": {"name": "Can change caller", "content_type": 12, "codename": "change_caller"}}, {"model": "auth.permission", "pk": 47, "fields": {"name": "Can delete caller", "content_type": 12, "codename": "delete_caller"}}, {"model": "auth.permission", "pk": 48, "fields": {"name": "Can view caller", "content_type": 12, "codename": "view_caller"}}, {"model": "auth.permission", "pk": 49, "fields": {"name": "Can add credential", "content_type": 13, "codename": "add_credential"}}, {"model": "auth.permission", "pk": 50, "fields": {"name": "Can change credential", "content_type": 13, "codename": "change_credential"}}, {"model": "auth.permission", "pk": 51, "fields": {"name": "Can delete credential", "content_type": 13, "codename": "delete_credential"}}, {"model": "auth.permission", "pk": 52, "fields": {"name": "Can view credential", "content_type": 13, "codename": "view_credential"}}, {"model": "auth.permission", "pk": 53, "fields": {"name": "Can add calendar", "content_type": 14, "codename": "add_calendar"}}, {"model": "auth.permission", "pk": 54, "fields": {"name": "Can change calendar", "content_type": 14, "codename": "change_calendar"}}, {"model": "auth.permission", "pk": 55, "fields": {"name": "Can delete calendar", "content_type": 14, "codename": "delete_calendar"}}, {"model": "auth.permission", "pk": 56, "fields": {"name": "Can view calendar", "content_type": 14, "codename": "view_calendar"}}, {"model": "auth.permission", "pk": 57, "fields": {"name": "Can add calendar relation", "content_type": 15, "codename": "add_calendarrelation"}}, {"model": "auth.permission", "pk": 58, "fields": {"name": "Can change calendar relation", "content_type": 15, "codename": "change_calendarrelation"}}, {"model": "auth.permission", "pk": 59, "fields": {"name": "Can delete calendar relation", "content_type": 15, "codename": "delete_calendarrelation"}}, {"model": "auth.permission", "pk": 60, "fields": {"name": "Can view calendar relation", "content_type": 15, "codename": "view_calendarrelation"}}, {"model": "auth.permission", "pk": 61, "fields": {"name": "Can add rule", "content_type": 16, "codename": "add_rule"}}, {"model": "auth.permission", "pk": 62, "fields": {"name": "Can change rule", "content_type": 16, "codename": "change_rule"}}, {"model": "auth.permission", "pk": 63, "fields": {"name": "Can delete rule", "content_type": 16, "codename": "delete_rule"}}, {"model": "auth.permission", "pk": 64, "fields": {"name": "Can view rule", "content_type": 16, "codename": "view_rule"}}, {"model": "auth.permission", "pk": 65, "fields": {"name": "Can add event", "content_type": 17, "codename": "add_event"}}, {"model": "auth.permission", "pk": 66, "fields": {"name": "Can change event", "content_type": 17, "codename": "change_event"}}, {"model": "auth.permission", "pk": 67, "fields": {"name": "Can delete event", "content_type": 17, "codename": "delete_event"}}, {"model": "auth.permission", "pk": 68, "fields": {"name": "Can view event", "content_type": 17, "codename": "view_event"}}, {"model": "auth.permission", "pk": 69, "fields": {"name": "Can add event relation", "content_type": 18, "codename": "add_eventrelation"}}, {"model": "auth.permission", "pk": 70, "fields": {"name": "Can change event relation", "content_type": 18, "codename": "change_eventrelation"}}, {"model": "auth.permission", "pk": 71, "fields": {"name": "Can delete event relation", "content_type": 18, "codename": "delete_eventrelation"}}, {"model": "auth.permission", "pk": 72, "fields": {"name": "Can view event relation", "content_type": 18, "codename": "view_eventrelation"}}, {"model": "auth.permission", "pk": 73, "fields": {"name": "Can add occurrence", "content_type": 19, "codename": "add_occurrence"}}, {"model": "auth.permission", "pk": 74, "fields": {"name": "Can change occurrence", "content_type": 19, "codename": "change_occurrence"}}, {"model": "auth.permission", "pk": 75, "fields": {"name": "Can delete occurrence", "content_type": 19, "codename": "delete_occurrence"}}, {"model": "auth.permission", "pk": 76, "fields": {"name": "Can view occurrence", "content_type": 19, "codename": "view_occurrence"}}, {"model": "auth.permission", "pk": 77, "fields": {"name": "Can add token", "content_type": 20, "codename": "add_token"}}, {"model": "auth.permission", "pk": 78, "fields": {"name": "Can change token", "content_type": 20, "codename": "change_token"}}, {"model": "auth.permission", "pk": 79, "fields": {"name": "Can delete token", "content_type": 20, "codename": "delete_token"}}, {"model": "auth.permission", "pk": 80, "fields": {"name": "Can view token", "content_type": 20, "codename": "view_token"}}, {"model": "auth.permission", "pk": 81, "fields": {"name": "Can add user profile", "content_type": 21, "codename": "add_userprofile"}}, {"model": "auth.permission", "pk": 82, "fields": {"name": "Can change user profile", "content_type": 21, "codename": "change_userprofile"}}, {"model": "auth.permission", "pk": 83, "fields": {"name": "Can delete user profile", "content_type": 21, "codename": "delete_userprofile"}}, {"model": "auth.permission", "pk": 84, "fields": {"name": "Can view user profile", "content_type": 21, "codename": "view_userprofile"}}, {"model": "auth.permission", "pk": 85, "fields": {"name": "Can add eventlog", "content_type": 22, "codename": "add_eventlog"}}, {"model": "auth.permission", "pk": 86, "fields": {"name": "Can change eventlog", "content_type": 22, "codename": "change_eventlog"}}, {"model": "auth.permission", "pk": 87, "fields": {"name": "Can delete eventlog", "content_type": 22, "codename": "delete_eventlog"}}, {"model": "auth.permission", "pk": 88, "fields": {"name": "Can view eventlog", "content_type": 22, "codename": "view_eventlog"}}, {"model": "auth.permission", "pk": 89, "fields": {"name": "Can add incidents", "content_type": 23, "codename": "add_incident"}}, {"model": "auth.permission", "pk": 90, "fields": {"name": "Can change incidents", "content_type": 23, "codename": "change_incident"}}, {"model": "auth.permission", "pk": 91, "fields": {"name": "Can delete incidents", "content_type": 23, "codename": "delete_incident"}}, {"model": "auth.permission", "pk": 92, "fields": {"name": "Can view incidents", "content_type": 23, "codename": "view_incident"}}, {"model": "auth.permission", "pk": 93, "fields": {"name": "Can add incident silenced", "content_type": 24, "codename": "add_incidentsilenced"}}, {"model": "auth.permission", "pk": 94, "fields": {"name": "Can change incident silenced", "content_type": 24, "codename": "change_incidentsilenced"}}, {"model": "auth.permission", "pk": 95, "fields": {"name": "Can delete incident silenced", "content_type": 24, "codename": "delete_incidentsilenced"}}, {"model": "auth.permission", "pk": 96, "fields": {"name": "Can view incident silenced", "content_type": 24, "codename": "view_incidentsilenced"}}, {"model": "auth.permission", "pk": 97, "fields": {"name": "Can add user_notification_method", "content_type": 25, "codename": "add_usernotificationmethod"}}, {"model": "auth.permission", "pk": 98, "fields": {"name": "Can change user_notification_method", "content_type": 25, "codename": "change_usernotificationmethod"}}, {"model": "auth.permission", "pk": 99, "fields": {"name": "Can delete user_notification_method", "content_type": 25, "codename": "delete_usernotificationmethod"}}, {"model": "auth.permission", "pk": 100, "fields": {"name": "Can view user_notification_method", "content_type": 25, "codename": "view_usernotificationmethod"}}, {"model": "auth.permission", "pk": 101, "fields": {"name": "Can add scheduled_notifications", "content_type": 26, "codename": "add_schedulednotification"}}, {"model": "auth.permission", "pk": 102, "fields": {"name": "Can change scheduled_notifications", "content_type": 26, "codename": "change_schedulednotification"}}, {"model": "auth.permission", "pk": 103, "fields": {"name": "Can delete scheduled_notifications", "content_type": 26, "codename": "delete_schedulednotification"}}, {"model": "auth.permission", "pk": 104, "fields": {"name": "Can view scheduled_notifications", "content_type": 26, "codename": "view_schedulednotification"}}, {"model": "auth.permission", "pk": 105, "fields": {"name": "Can add schedule_policy", "content_type": 27, "codename": "add_schedulepolicy"}}, {"model": "auth.permission", "pk": 106, "fields": {"name": "Can change schedule_policy", "content_type": 27, "codename": "change_schedulepolicy"}}, {"model": "auth.permission", "pk": 107, "fields": {"name": "Can delete schedule_policy", "content_type": 27, "codename": "delete_schedulepolicy"}}, {"model": "auth.permission", "pk": 108, "fields": {"name": "Can view schedule_policy", "content_type": 27, "codename": "view_schedulepolicy"}}, {"model": "auth.permission", "pk": 109, "fields": {"name": "Can add schedule_policy_rule", "content_type": 28, "codename": "add_schedulepolicyrule"}}, {"model": "auth.permission", "pk": 110, "fields": {"name": "Can change schedule_policy_rule", "content_type": 28, "codename": "change_schedulepolicyrule"}}, {"model": "auth.permission", "pk": 111, "fields": {"name": "Can delete schedule_policy_rule", "content_type": 28, "codename": "delete_schedulepolicyrule"}}, {"model": "auth.permission", "pk": 112, "fields": {"name": "Can view schedule_policy_rule", "content_type": 28, "codename": "view_schedulepolicyrule"}}, {"model": "auth.permission", "pk": 113, "fields": {"name": "Can add service", "content_type": 29, "codename": "add_service"}}, {"model": "auth.permission", "pk": 114, "fields": {"name": "Can change service", "content_type": 29, "codename": "change_service"}}, {"model": "auth.permission", "pk": 115, "fields": {"name": "Can delete service", "content_type": 29, "codename": "delete_service"}}, {"model": "auth.permission", "pk": 116, "fields": {"name": "Can view service", "content_type": 29, "codename": "view_service"}}, {"model": "auth.permission", "pk": 117, "fields": {"name": "Can add service_tokens", "content_type": 30, "codename": "add_servicetokens"}}, {"model": "auth.permission", "pk": 118, "fields": {"name": "Can change service_tokens", "content_type": 30, "codename": "change_servicetokens"}}, {"model": "auth.permission", "pk": 119, "fields": {"name": "Can delete service_tokens", "content_type": 30, "codename": "delete_servicetokens"}}, {"model": "auth.permission", "pk": 120, "fields": {"name": "Can view service_tokens", "content_type": 30, "codename": "view_servicetokens"}}, {"model": "auth.permission", "pk": 121, "fields": {"name": "Can add service silenced", "content_type": 31, "codename": "add_servicesilenced"}}, {"model": "auth.permission", "pk": 122, "fields": {"name": "Can change service silenced", "content_type": 31, "codename": "change_servicesilenced"}}, {"model": "auth.permission", "pk": 123, "fields": {"name": "Can delete service silenced", "content_type": 31, "codename": "delete_servicesilenced"}}, {"model": "auth.permission", "pk": 124, "fields": {"name": "Can view service silenced", "content_type": 31, "codename": "view_servicesilenced"}}, {"model": "auth.group", "pk": 1, "fields": {"name": "Demo Group", "permissions": []}}, {"model": "auth.user", "pk": 1, "fields": {"password": "pbkdf2_sha256$120000$IvDAiB0mm2xj$Z1v52Zwhfu5tIatYprsC2IS+tIL0Y1UmDSqSkevdLpg=", "last_login": "2018-12-12T17:50:45.733Z", "is_superuser": true, "username": "demo", "first_name": "Demo", "last_name": "User", "email": "demo@openduty.com", "is_staff": true, "is_active": true, "date_joined": "2018-11-26T15:46:53Z", "groups": [1], "user_permissions": []}}, {"model": "auth.user", "pk": 2, "fields": {"password": "pbkdf2_sha256$120000$p7K5dTgl8OuX$6OMNa2+HrZy1geEkCjNMbP3Lj3WdaVPOEV87Bgbld80=", "last_login": null, "is_superuser": false, "username": "demo2", "first_name": "Demo2", "last_name": "User2", "email": "demo2@openduty.com", "is_staff": true, "is_active": true, "date_joined": "2018-11-26T21:47:32Z", "groups": [1], "user_permissions": []}}, {"model": "auth.user", "pk": 3, "fields": {"password": "pbkdf2_sha256$120000$tmy8uWvf9FiW$TD8NQH69S8EgMLf9aQP6b0iIy4ka5v07EzRIxAK1bLo=", "last_login": null, "is_superuser": false, "username": "catalin", "first_name": "", "last_name": "", "email": "atak85lin@yahoo.com", "is_staff": false, "is_active": true, "date_joined": "2018-12-12T19:18:49.745Z", "groups": [], "user_permissions": []}}, {"model": "auth.user", "pk": 4, "fields": {"password": "pbkdf2_sha256$120000$1ChsyoGp76Pc$zosX1yOg9MDu5b8GCXLUBLRoBe5DK0PRCUNHZ2ARs7U=", "last_login": null, "is_superuser": false, "username": "catalincoroeanu", "first_name": "", "last_name": "", "email": "catalin.coroeanu@icloud.com", "is_staff": false, "is_active": true, "date_joined": "2018-12-12T19:26:59.833Z", "groups": [], "user_permissions": []}}, {"model": "auth.user", "pk": 6, "fields": {"password": "pbkdf2_sha256$120000$No0ndPzsNpo7$xX9CfwyUjjoHJdLpT/XuSmhnECWn5iKa0bJP01a/ZUU=", "last_login": null, "is_superuser": false, "username": "user2", "first_name": "", "last_name": "", "email": "user2@openduty.com", "is_staff": false, "is_active": true, "date_joined": "2018-12-12T22:36:23.879Z", "groups": [], "user_permissions": []}}, {"model": "django_twilio.caller", "pk": 1, "fields": {"blacklisted": false, "phone_number": "+41764744645"}}, {"model": "django_twilio.caller", "pk": 2, "fields": {"blacklisted": false, "phone_number": "+40764744645"}}, {"model": "django_twilio.credential", "pk": 1, "fields": {"name": "demo", "user": 1, "account_sid": "qwertyuiop", "auth_token": "qwertyuiop"}}, {"model": "django_twilio.credential", "pk": 2, "fields": {"name": "demo2", "user": 2, "account_sid": "qwertyuiop", "auth_token": "qwertyuiop"}}, {"model": "schedule.calendar", "pk": 1, "fields": {"name": "Calendar Demo", "slug": "calendar-demo-1"}}, {"model": "schedule.rule", "pk": 1, "fields": {"name": "Daily", "description": "Daily", "frequency": "DAILY", "params": ""}}, {"model": "schedule.rule", "pk": 2, "fields": {"name": "Weekly", "description": "Weekly", "frequency": "WEEKLY", "params": ""}}, {"model": "schedule.rule", "pk": 3, "fields": {"name": "Monthly", "description": "Monthly", "frequency": "MONTHLY", "params": ""}}, {"model": "schedule.event", "pk": 4, "fields": {"start": "2018-12-17T00:00:00Z", "end": "2018-12-23T00:00:00Z", "title": "demo,demo", "description": "Small description", "creator": 1, "created_on": "2018-11-26T21:56:40.174Z", "updated_on": "2018-12-03T13:18:53.148Z", "rule": null, "end_recurring_period": null, "calendar": 1, "color_event": "#000000"}}, {"model": "schedule.event", "pk": 5, "fields": {"start": "2018-12-01T00:00:00Z", "end": "2018-12-09T00:00:00Z", "title": "demo,demo", "description": "test", "creator": 1, "created_on": "2018-11-27T16:14:26.800Z", "updated_on": "2018-12-03T13:14:44.596Z", "rule": null, "end_recurring_period": null, "calendar": 1, "color_event": "#000000"}}, {"model": "schedule.event", "pk": 6, "fields": {"start": "2018-12-10T00:00:00Z", "end": "2018-12-16T00:00:00Z", "title": "demo2,demo2", "description": "sample description for demo2", "creator": 2, "created_on": "2018-11-27T16:19:34.312Z", "updated_on": "2018-12-03T13:16:14.436Z", "rule": null, "end_recurring_period": null, "calendar": 1, "color_event": "#000000"}}, {"model": "schedule.event", "pk": 7, "fields": {"start": "2018-12-24T00:00:00Z", "end": "2018-12-31T00:00:00Z", "title": "demo2,demo2", "description": "testing demo2", "creator": 2, "created_on": "2018-11-27T19:20:51.359Z", "updated_on": "2018-12-03T13:19:08.921Z", "rule": null, "end_recurring_period": null, "calendar": 1, "color_event": "#000000"}}, {"model": "accounts.token", "pk": "0aa8fe734605e984500df39f756fc925af1b46e4", "fields": {"created": "2018-11-26T16:18:31.396Z"}}, {"model": "accounts.token", "pk": "4bb275bcb4ca991da2dff78e548278c890ed6f96", "fields": {"created": "2018-11-26T16:18:12.910Z"}}, {"model": "accounts.token", "pk": "cda95a1a396ddf028d040355a534e746e980ce6d", "fields": {"created": "2018-11-26T16:18:28.888Z"}}, {"model": "accounts.token", "pk": "qwertyuiop", "fields": {"created": "2018-11-26T15:49:59.102Z"}}, {"model": "accounts.userprofile", "pk": 1, "fields": {"user": 1, "phone_number": "+41764744645", "pushover_user_key": "qwertyuiop", "pushover_app_key": "qwertyuiop", "slack_room_name": "slackkey", "prowl_api_key": "qwertyuiop", "prowl_application": "qwertyuiop", "prowl_url": "qwertyuiop", "rocket_webhook_url": "rocketkey", "hipchat_room_name": "", "hipchat_room_url": "qwertyuiop", "send_resolve_enabled": true}}, {"model": "accounts.userprofile", "pk": 2, "fields": {"user": 2, "phone_number": "+44764744645", "pushover_user_key": "qwertyuiop", "pushover_app_key": "qwertyuiop", "slack_room_name": "qwertyuiop", "prowl_api_key": "qwertyuiop", "prowl_application": "qwertyuiop", "prowl_url": "qwertyuiop", "rocket_webhook_url": "qwertyuiop", "hipchat_room_name": "", "hipchat_room_url": "qwertyuiop", "send_resolve_enabled": true}}, {"model": "accounts.userprofile", "pk": 3, "fields": {"user": 3, "phone_number": "", "pushover_user_key": "", "pushover_app_key": "", "slack_room_name": "", "prowl_api_key": "", "prowl_application": "", "prowl_url": "qwertyuioptest", "rocket_webhook_url": "roket", "hipchat_room_name": "", "hipchat_room_url": "", "send_resolve_enabled": true}}, {"model": "accounts.userprofile", "pk": 4, "fields": {"user": 6, "phone_number": "0044764744645", "pushover_user_key": "qwertyuasdf1234567", "pushover_app_key": "123456789123456789", "slack_room_name": "123456712345678", "prowl_api_key": "1234567qwertyuioasdfghjkzxcvb", "prowl_application": "asdfghjkqwertyui", "prowl_url": "", "rocket_webhook_url": "", "hipchat_room_name": "", "hipchat_room_url": "", "send_resolve_enabled": true}}, {"model": "accounts.userprofile", "pk": 5, "fields": {"user": 4, "phone_number": "", "pushover_user_key": "", "pushover_app_key": "", "slack_room_name": "", "prowl_api_key": "", "prowl_application": "", "prowl_url": "", "rocket_webhook_url": "", "hipchat_room_name": "", "hipchat_room_url": "", "send_resolve_enabled": true}}, {"model": "notification.usernotificationmethod", "pk": 16, "fields": {"user": 1, "position": 1, "method": "email"}}, {"model": "notification.usernotificationmethod", "pk": 21, "fields": {"user": 6, "position": 1, "method": "xmpp"}}, {"model": "notification.usernotificationmethod", "pk": 22, "fields": {"user": 4, "position": 1, "method": "email"}}, {"model": "notification.usernotificationmethod", "pk": 23, "fields": {"user": 2, "position": 1, "method": "xmpp"}}, {"model": "notification.usernotificationmethod", "pk": 24, "fields": {"user": 2, "position": 2, "method": "rocket"}}, {"model": "notification.usernotificationmethod", "pk": 25, "fields": {"user": 3, "position": 1, "method": "pushover"}}, {"model": "policies.schedulepolicy", "pk": 1, "fields": {"name": "Policy 1", "repeat_times": 3}}, {"model": "policies.schedulepolicy", "pk": 2, "fields": {"name": "Policy 2", "repeat_times": 5}}, {"model": "policies.schedulepolicy", "pk": 3, "fields": {"name": "Policy 3", "repeat_times": 2}}, {"model": "policies.schedulepolicy", "pk": 4, "fields": {"name": "Escalation policy 1", "repeat_times": 0}}, {"model": "policies.schedulepolicyrule", "pk": 2, "fields": {"schedule_policy": 2, "position": 1, "user_id": 1, "group_id": null, "schedule": null, "escalate_after": 0}}, {"model": "policies.schedulepolicyrule", "pk": 3, "fields": {"schedule_policy": 3, "position": 1, "user_id": null, "group_id": null, "schedule": 1, "escalate_after": 0}}, {"model": "policies.schedulepolicyrule", "pk": 4, "fields": {"schedule_policy": 1, "position": 1, "user_id": null, "group_id": null, "schedule": 1, "escalate_after": 0}}, {"model": "policies.schedulepolicyrule", "pk": 5, "fields": {"schedule_policy": 1, "position": 2, "user_id": 2, "group_id": null, "schedule": null, "escalate_after": 0}}, {"model": "policies.schedulepolicyrule", "pk": 6, "fields": {"schedule_policy": 1, "position": 3, "user_id": 1, "group_id": null, "schedule": null, "escalate_after": 0}}, {"model": "services.service", "pk": "2b1e704d-616d-48a6-bfbf-a73382c69deb", "fields": {"name": "Demo Service key 3", "retry": 3, "policy": 3, "escalate_after": 4, "notifications_disabled": false, "send_resolve_enabled": true}}, {"model": "services.service", "pk": "7bece19f-057e-4db8-b6a4-5275b6c916d9", "fields": {"name": "Demo Service 2", "retry": 3, "policy": 2, "escalate_after": 3, "notifications_disabled": false, "send_resolve_enabled": true}}, {"model": "services.service", "pk": "acaede8f-1f05-4d9b-a9e2-747d4140eabf", "fields": {"name": "Demo Service key 1", "retry": 3, "policy": 2, "escalate_after": 2, "notifications_disabled": false, "send_resolve_enabled": true}}, {"model": "services.service", "pk": "ff99dd87-2036-4966-97ed-c47a62f5b929", "fields": {"name": "Service New 1", "retry": 1, "policy": 4, "escalate_after": 1, "notifications_disabled": false, "send_resolve_enabled": false}}, {"model": "services.servicetokens", "pk": 2, "fields": {"name": "", "service_id": "acaede8f-1f05-4d9b-a9e2-747d4140eabf", "token_id": "cda95a1a396ddf028d040355a534e746e980ce6d"}}, {"model": "services.servicetokens", "pk": 3, "fields": {"name": "", "service_id": "acaede8f-1f05-4d9b-a9e2-747d4140eabf", "token_id": "0aa8fe734605e984500df39f756fc925af1b46e4"}}, {"model": "incidents.incident", "pk": 2, "fields": {"service_key": "ff99dd87-2036-4966-97ed-c47a62f5b929", "incident_key": "qwerty2", "event_type": "resolve", "description": "Demo Description Incident 1", "details": "Lorem ipsum dolorem Demo Description Incident 1 Lorem ipsum dolorem Demo Description Incident 1 Lorem ipsum dolorem Demo Description Incident 1 Lorem ipsum dolorem Demo Description Incident 1 Lorem ipsum dolorem Demo Description Incident 1 Lorem ipsum dolorem Demo Description Incident 1 Lorem ipsum dolorem Demo Description Incident 1", "occurred_at": "2018-12-13T18:08:07.584Z", "service_to_escalate_to": null}}, {"model": "incidents.incident", "pk": 3, "fields": {"service_key": "acaede8f-1f05-4d9b-a9e2-747d4140eabf", "incident_key": "qwerty1", "event_type": "resolve", "description": "Description Incident 2", "details": "Lorem ipsum dolorem Demo Description Incident 2 Lorem ipsum dolorem Demo Description Incident 2 Lorem ipsum dolorem Demo Description Incident 2 Lorem ipsum dolorem Demo Description Incident 2 Lorem ipsum dolorem Demo Description Incident.\r\n 2 Lorem ipsum dolorem Demo Description Incident 2 Lorem ipsum dolorem Demo Description Incident 2 Lorem ipsum dolorem Demo Description Incident 2.", "occurred_at": "2018-12-13T18:08:10.427Z", "service_to_escalate_to": null}}, {"model": "incidents.incident", "pk": 4, "fields": {"service_key": "7bece19f-057e-4db8-b6a4-5275b6c916d9", "incident_key": "qwerty1", "event_type": "resolve", "description": "Incident logged 1", "details": "[29/Nov/2018 15:41:28] \"GET /static/css/bootstrap.min.css HTTP/1.1\" 200 99961\r\n[29/Nov/2018 15:41:28] \"GET /robots.txt HTTP/1.1\" 404 4575\r\n[29/Nov/2018 15:41:28] \"GET /static/fonts/glyphicons-halflings-regular.woff HTTP/1.1\" 200 23320\r\n[29/Nov/2018 15:41:29] \"POST /incidents/forward_incident HTTP/1.1\" 302 0\r\n[29/Nov/2018 15:41:29] \"GET /incidents/details/3 HTTP/1.1\" 200 9521\r\n[29/Nov/2018 15:41:29] \"GET /static/js/jquery.plugin.min.js HTTP/1.1\" 200 3195\r\n[29/Nov/2018 15:41:29] \"GET /static/css/base.css HTTP/1.1\" 200 370\r\n[29/Nov/2018 15:41:29] \"GET /static/js/bootstrap.min.js HTTP/1.1\" 200 29110\r\n[29/Nov/2018 15:41:29] \"GET /static/js/jquery.min.js HTTP/1.1\" 200 83615\r\n[29/Nov/2018 15:41:29] \"GET /static/js/basic.js HTTP/1.1\" 200 790\r\n[29/Nov/2018 15:41:29] \"GET /static/css/bootstrap.min.css HTTP/1.1\" 200 99961\r\n[29/Nov/2018 15:41:29] \"GET /static/fonts/glyphicons-halflings-regular.woff HTTP/1.1\" 200 23320\r\n[29/Nov/2018 15:41:34] \"GET /admin/incidents/incident/add/ HTTP/1.1\" 200 9332\r\n[29/Nov/2018 15:41:34] \"GET /admin/jsi18n/ HTTP/1.1\" 200 5737", "occurred_at": "2018-12-13T18:08:12.537Z", "service_to_escalate_to": null}}, {"model": "incidents.incident", "pk": 5, "fields": {"service_key": "2b1e704d-616d-48a6-bfbf-a73382c69deb", "incident_key": "qwerty5", "event_type": "resolve", "description": "Incident 5", "details": "ACTIONS = (('acknowledge', 'acknowledge'),\r\n               ('unacknowledge', 'unacknowledge'),\r\n               ('resolve', 'resolve'),\r\n               ('silence_service', 'silence service'),\r\n               ('unsilence_service', 'unsilence service'),\r\n               ('silence_incident', 'silence incident'),\r\n               ('unsilence_incident', 'unsilence incident'),\r\n               ('forward', 'forward'),\r\n               ('log', 'log'),\r\n               ('notified','notified'),\r\n               ('notification_failed', 'notification failed'),\r\n               ('trigger', 'trigger'))", "occurred_at": "2018-12-13T18:08:14.837Z", "service_to_escalate_to": null}}, {"model": "events.eventlog", "pk": 6, "fields": {"user": 1, "incident_key": 2, "action": "forward", "service_key": "ff99dd87-2036-4966-97ed-c47a62f5b929", "data": "demo  changed assignee of incident :  qwerty1  to demo", "occurred_at": "2018-11-29T15:41:05.198Z"}}, {"model": "events.eventlog", "pk": 7, "fields": {"user": 1, "incident_key": 2, "action": "forward", "service_key": "ff99dd87-2036-4966-97ed-c47a62f5b929", "data": "demo  changed assignee of incident :  qwerty1  to demo", "occurred_at": "2018-11-29T15:41:11.080Z"}}, {"model": "events.eventlog", "pk": 8, "fields": {"user": 1, "incident_key": 2, "action": "forward", "service_key": "ff99dd87-2036-4966-97ed-c47a62f5b929", "data": "demo  changed assignee of incident :  qwerty1  to demo2", "occurred_at": "2018-11-29T15:41:13.414Z"}}, {"model": "events.eventlog", "pk": 9, "fields": {"user": 1, "incident_key": 3, "action": "forward", "service_key": "acaede8f-1f05-4d9b-a9e2-747d4140eabf", "data": "demo  changed assignee of incident :  qwerty1  to demo2", "occurred_at": "2018-11-29T15:41:28.139Z"}}, {"model": "events.eventlog", "pk": 10, "fields": {"user": 1, "incident_key": 3, "action": "forward", "service_key": "acaede8f-1f05-4d9b-a9e2-747d4140eabf", "data": "demo  changed assignee of incident :  qwerty1  to demo2", "occurred_at": "2018-11-29T15:41:29.359Z"}}, {"model": "events.eventlog", "pk": 11, "fields": {"user": 4, "incident_key": 2, "action": "forward", "service_key": "2b1e704d-616d-48a6-bfbf-a73382c69deb", "data": "asdfghjkl;kjhgfdsDZfxghjkl;lkjhgfds", "occurred_at": "2018-12-01T12:03:59Z"}}, {"model": "events.eventlog", "pk": 12, "fields": {"user": 3, "incident_key": 4, "action": "log", "service_key": "ff99dd87-2036-4966-97ed-c47a62f5b929", "data": "eertyuifdsdsfghjkj", "occurred_at": "2018-12-03T12:05:04Z"}}, {"model": "events.eventlog", "pk": 13, "fields": {"user": 1, "incident_key": 5, "action": "log", "service_key": "2b1e704d-616d-48a6-bfbf-a73382c69deb", "data": "wqeqrtyuiojkhgfdsfghjkljkhgfd", "occurred_at": "2018-12-04T12:05:19Z"}}, {"model": "events.eventlog", "pk": 14, "fields": {"user": 6, "incident_key": 2, "action": "unsilence_incident", "service_key": "7bece19f-057e-4db8-b6a4-5275b6c916d9", "data": "dwaertyuiop[[poiuytrewrtyuiop[]oiuyt", "occurred_at": "2018-12-05T12:06:05Z"}}, {"model": "events.eventlog", "pk": 15, "fields": {"user": 3, "incident_key": 5, "action": "resolve", "service_key": "2b1e704d-616d-48a6-bfbf-a73382c69deb", "data": "errtyuik;jlkjhgfdertyui890", "occurred_at": "2018-12-06T12:06:33Z"}}, {"model": "events.eventlog", "pk": 16, "fields": {"user": 1, "incident_key": 4, "action": "log", "service_key": "acaede8f-1f05-4d9b-a9e2-747d4140eabf", "data": "stygl;kjhgfdsaertdyuio", "occurred_at": "2018-12-07T12:11:09Z"}}, {"model": "events.eventlog", "pk": 17, "fields": {"user": 4, "incident_key": 5, "action": "log", "service_key": "ff99dd87-2036-4966-97ed-c47a62f5b929", "data": "adsfdg\\';luyterwrtyuiop[]", "occurred_at": "2018-12-08T12:11:20Z"}}, {"model": "events.eventlog", "pk": 18, "fields": {"user": 1, "incident_key": 4, "action": "resolve", "service_key": "7bece19f-057e-4db8-b6a4-5275b6c916d9", "data": "demo changed qwerty1 from trigger to resolve", "occurred_at": "2018-12-13T16:53:11.199Z"}}, {"model": "events.eventlog", "pk": 19, "fields": {"user": 1, "incident_key": 2, "action": "acknowledge", "service_key": "ff99dd87-2036-4966-97ed-c47a62f5b929", "data": "demo changed qwerty2 from acknowledge to acknowledge, unescalated", "occurred_at": "2018-12-13T16:53:27.511Z"}}, {"model": "events.eventlog", "pk": 20, "fields": {"user": 1, "incident_key": 2, "action": "resolve", "service_key": "ff99dd87-2036-4966-97ed-c47a62f5b929", "data": "demo changed qwerty2 from acknowledge to resolve", "occurred_at": "2018-12-13T17:41:48.897Z"}}, {"model": "events.eventlog", "pk": 21, "fields": {"user": 1, "incident_key": 2, "action": "resolve", "service_key": "ff99dd87-2036-4966-97ed-c47a62f5b929", "data": "demo changed qwerty2 from resolve to resolve", "occurred_at": "2018-12-13T18:07:11.304Z"}}, {"model": "events.eventlog", "pk": 22, "fields": {"user": 1, "incident_key": 5, "action": "resolve", "service_key": "2b1e704d-616d-48a6-bfbf-a73382c69deb", "data": "demo changed qwerty5 from unacknowledge to resolve, unescalated", "occurred_at": "2018-12-13T18:07:47.117Z"}}, {"model": "events.eventlog", "pk": 23, "fields": {"user": 1, "incident_key": 4, "action": "resolve", "service_key": "7bece19f-057e-4db8-b6a4-5275b6c916d9", "data": "demo changed qwerty1 from resolve to resolve", "occurred_at": "2018-12-13T18:07:53.693Z"}}, {"model": "events.eventlog", "pk": 24, "fields": {"user": 1, "incident_key": 2, "action": "resolve", "service_key": "ff99dd87-2036-4966-97ed-c47a62f5b929", "data": "demo changed qwerty2 from resolve to resolve", "occurred_at": "2018-12-13T18:08:07.584Z"}}, {"model": "events.eventlog", "pk": 25, "fields": {"user": 1, "incident_key": 3, "action": "resolve", "service_key": "acaede8f-1f05-4d9b-a9e2-747d4140eabf", "data": "demo changed qwerty1 from resolve to resolve, unescalated", "occurred_at": "2018-12-13T18:08:10.427Z"}}, {"model": "events.eventlog", "pk": 26, "fields": {"user": 1, "incident_key": 4, "action": "resolve", "service_key": "7bece19f-057e-4db8-b6a4-5275b6c916d9", "data": "demo changed qwerty1 from resolve to resolve", "occurred_at": "2018-12-13T18:08:12.537Z"}}, {"model": "events.eventlog", "pk": 27, "fields": {"user": 1, "incident_key": 5, "action": "resolve", "service_key": "2b1e704d-616d-48a6-bfbf-a73382c69deb", "data": "demo changed qwerty5 from resolve to resolve", "occurred_at": "2018-12-13T18:08:14.837Z"}}, {"model": "events.eventlog", "pk": 28, "fields": {"user": 1, "incident_key": 4, "action": "forward", "service_key": "7bece19f-057e-4db8-b6a4-5275b6c916d9", "data": "demo  changed assignee of incident :  qwerty1  to user2", "occurred_at": "2018-12-13T18:30:37.416Z"}}, {"model": "admin.logentry", "pk": 1, "fields": {"action_time": "2018-12-03T13:12:56.968Z", "user": 1, "content_type": 17, "object_id": "4", "object_repr": "demo,demo: Nov. 1, 2018 - Nov. 8, 2018", "action_flag": 2, "change_message": "[{\"changed\": {\"fields\": [\"description\", \"start\", \"end\"]}}]"}}, {"model": "admin.logentry", "pk": 2, "fields": {"action_time": "2018-12-03T13:13:23.394Z", "user": 1, "content_type": 17, "object_id": "6", "object_repr": "demo2,demo2: Nov. 9, 2018 - Nov. 15, 2018", "action_flag": 2, "change_message": "[{\"changed\": {\"fields\": [\"start\", \"end\"]}}]"}}, {"model": "admin.logentry", "pk": 3, "fields": {"action_time": "2018-12-03T13:13:42.235Z", "user": 1, "content_type": 17, "object_id": "6", "object_repr": "demo2,demo2: Nov. 9, 2018 - Nov. 15, 2018", "action_flag": 2, "change_message": "[{\"changed\": {\"fields\": [\"description\"]}}]"}}, {"model": "admin.logentry", "pk": 4, "fields": {"action_time": "2018-12-03T13:14:08.798Z", "user": 1, "content_type": 17, "object_id": "7", "object_repr": "demo,demo: Nov. 16, 2018 - Nov. 22, 2018", "action_flag": 2, "change_message": "[{\"changed\": {\"fields\": [\"start\", \"end\"]}}]"}}, {"model": "admin.logentry", "pk": 5, "fields": {"action_time": "2018-12-03T13:14:44.599Z", "user": 1, "content_type": 17, "object_id": "5", "object_repr": "demo,demo: Dec. 1, 2018 - Dec. 9, 2018", "action_flag": 2, "change_message": "[{\"changed\": {\"fields\": [\"start\", \"end\"]}}]"}}, {"model": "admin.logentry", "pk": 6, "fields": {"action_time": "2018-12-03T13:16:14.438Z", "user": 1, "content_type": 17, "object_id": "6", "object_repr": "demo2,demo2: Dec. 10, 2018 - Dec. 16, 2018", "action_flag": 2, "change_message": "[{\"changed\": {\"fields\": [\"start\", \"end\"]}}]"}}, {"model": "admin.logentry", "pk": 7, "fields": {"action_time": "2018-12-03T13:16:55.401Z", "user": 1, "content_type": 17, "object_id": "7", "object_repr": "demo2,demo2: Dec. 17, 2018 - Dec. 23, 2018", "action_flag": 2, "change_message": "[{\"changed\": {\"fields\": [\"title\", \"description\", \"start\", \"end\", \"creator\"]}}]"}}, {"model": "admin.logentry", "pk": 8, "fields": {"action_time": "2018-12-03T13:18:21.620Z", "user": 1, "content_type": 17, "object_id": "4", "object_repr": "demo,demo: Dec. 10, 2018 - Dec. 23, 2018", "action_flag": 2, "change_message": "[{\"changed\": {\"fields\": [\"start\", \"end\"]}}]"}}, {"model": "admin.logentry", "pk": 9, "fields": {"action_time": "2018-12-03T13:18:53.150Z", "user": 1, "content_type": 17, "object_id": "4", "object_repr": "demo,demo: Dec. 17, 2018 - Dec. 23, 2018", "action_flag": 2, "change_message": "[{\"changed\": {\"fields\": [\"start\"]}}]"}}, {"model": "admin.logentry", "pk": 10, "fields": {"action_time": "2018-12-03T13:19:08.924Z", "user": 1, "content_type": 17, "object_id": "7", "object_repr": "demo2,demo2: Dec. 24, 2018 - Dec. 31, 2018", "action_flag": 2, "change_message": "[{\"changed\": {\"fields\": [\"start\", \"end\"]}}]"}}, {"model": "admin.logentry", "pk": 11, "fields": {"action_time": "2018-12-13T12:04:01.393Z", "user": 1, "content_type": 22, "object_id": "11", "object_repr": "asdfghjkl;kjhgfdsDZfxghjkl;lkjhgfds", "action_flag": 1, "change_message": "[{\"added\": {}}]"}}, {"model": "admin.logentry", "pk": 12, "fields": {"action_time": "2018-12-13T12:05:10.906Z", "user": 1, "content_type": 22, "object_id": "12", "object_repr": "eertyuifdsdsfghjkj", "action_flag": 1, "change_message": "[{\"added\": {}}]"}}, {"model": "admin.logentry", "pk": 13, "fields": {"action_time": "2018-12-13T12:05:29.009Z", "user": 1, "content_type": 22, "object_id": "13", "object_repr": "wqeqrtyuiojkhgfdsfghjkljkhgfd", "action_flag": 1, "change_message": "[{\"added\": {}}]"}}, {"model": "admin.logentry", "pk": 14, "fields": {"action_time": "2018-12-13T12:05:51.217Z", "user": 1, "content_type": 23, "object_id": "2", "object_repr": "qwerty2", "action_flag": 2, "change_message": "[{\"changed\": {\"fields\": [\"incident_key\"]}}]"}}, {"model": "admin.logentry", "pk": 15, "fields": {"action_time": "2018-12-13T12:06:07.026Z", "user": 1, "content_type": 22, "object_id": "14", "object_repr": "dwaertyuiop[[poiuytrewrtyuiop[]oiuyt", "action_flag": 1, "change_message": "[{\"added\": {}}]"}}, {"model": "admin.logentry", "pk": 16, "fields": {"action_time": "2018-12-13T12:06:28.442Z", "user": 1, "content_type": 23, "object_id": "5", "object_repr": "qwerty5", "action_flag": 2, "change_message": "[{\"changed\": {\"fields\": [\"incident_key\"]}}]"}}, {"model": "admin.logentry", "pk": 17, "fields": {"action_time": "2018-12-13T12:06:35.220Z", "user": 1, "content_type": 22, "object_id": "15", "object_repr": "errtyuik;jlkjhgfdertyui890", "action_flag": 1, "change_message": "[{\"added\": {}}]"}}, {"model": "admin.logentry", "pk": 18, "fields": {"action_time": "2018-12-13T12:11:10.398Z", "user": 1, "content_type": 22, "object_id": "16", "object_repr": "stygl;kjhgfdsaertdyuio", "action_flag": 1, "change_message": "[{\"added\": {}}]"}}, {"model": "admin.logentry", "pk": 19, "fields": {"action_time": "2018-12-13T12:11:27.787Z", "user": 1, "content_type": 22, "object_id": "17", "object_repr": "adsfdg\\';luyterwrtyuiop[]", "action_flag": 1, "change_message": "[{\"added\": {}}]"}}, {"model": "notification.schedulednotification", "pk": 1, "fields": {"notifier": "email", "message": "This is a notification test message, just ignore it", "user_to_notify": 1, "send_at": "2018-11-29T15:54:17.900Z", "incident": null}}, {"model": "notification.schedulednotification", "pk": 2, "fields": {"notifier": "slack", "message": "This is a notification test message, just ignore it", "user_to_notify": 2, "send_at": "2018-11-29T15:54:54.238Z", "incident": null}}, {"model": "notification.schedulednotification", "pk": 3, "fields": {"notifier": "email", "message": "This is a notification test message, just ignore it", "user_to_notify": 1, "send_at": "2018-11-29T15:54:55.284Z", "incident": null}}, {"model": "notification.schedulednotification", "pk": 4, "fields": {"notifier": "slack", "message": "This is a notification test message, just ignore it", "user_to_notify": 2, "send_at": "2018-11-29T15:54:56.136Z", "incident": null}}, {"model": "notification.schedulednotification", "pk": 5, "fields": {"notifier": "email", "message": "This is a notification test message, just ignore it", "user_to_notify": 1, "send_at": "2018-11-29T15:54:56.827Z", "incident": null}}, {"model": "notification.schedulednotification", "pk": 6, "fields": {"notifier": "email", "message": "This is a notification test message, just ignore it", "user_to_notify": 1, "send_at": "2018-12-12T22:35:02.456Z", "incident": null}}, {"model": "notification.schedulednotification", "pk": 7, "fields": {"notifier": "email", "message": "This is a notification test message, just ignore it", "user_to_notify": 1, "send_at": "2018-12-13T08:13:32.268Z", "incident": null}}, {"model": "notification.schedulednotification", "pk": 8, "fields": {"notifier": "email", "message": "This is a notification test message, just ignore it", "user_to_notify": 1, "send_at": "2018-12-13T08:13:34.946Z", "incident": null}}, {"model": "notification.schedulednotification", "pk": 9, "fields": {"notifier": "xmpp", "message": "A Service is experiencing a problem: qwerty1 Incident logged 1. Handle at: http://localhost:8000/incidents/details/4", "user_to_notify": 6, "send_at": "2018-12-13T18:33:37.330Z", "incident": 4}}]