[{"model": "auth.permission", "pk": 1, "fields": {"name": "Can add log entry", "content_type": 1, "codename": "add_logentry"}}, {"model": "auth.permission", "pk": 2, "fields": {"name": "Can change log entry", "content_type": 1, "codename": "change_logentry"}}, {"model": "auth.permission", "pk": 3, "fields": {"name": "Can delete log entry", "content_type": 1, "codename": "delete_logentry"}}, {"model": "auth.permission", "pk": 4, "fields": {"name": "Can view log entry", "content_type": 1, "codename": "view_logentry"}}, {"model": "auth.permission", "pk": 5, "fields": {"name": "Can add permission", "content_type": 2, "codename": "add_permission"}}, {"model": "auth.permission", "pk": 6, "fields": {"name": "Can change permission", "content_type": 2, "codename": "change_permission"}}, {"model": "auth.permission", "pk": 7, "fields": {"name": "Can delete permission", "content_type": 2, "codename": "delete_permission"}}, {"model": "auth.permission", "pk": 8, "fields": {"name": "Can view permission", "content_type": 2, "codename": "view_permission"}}, {"model": "auth.permission", "pk": 9, "fields": {"name": "Can add group", "content_type": 3, "codename": "add_group"}}, {"model": "auth.permission", "pk": 10, "fields": {"name": "Can change group", "content_type": 3, "codename": "change_group"}}, {"model": "auth.permission", "pk": 11, "fields": {"name": "Can delete group", "content_type": 3, "codename": "delete_group"}}, {"model": "auth.permission", "pk": 12, "fields": {"name": "Can view group", "content_type": 3, "codename": "view_group"}}, {"model": "auth.permission", "pk": 13, "fields": {"name": "Can add user", "content_type": 4, "codename": "add_user"}}, {"model": "auth.permission", "pk": 14, "fields": {"name": "Can change user", "content_type": 4, "codename": "change_user"}}, {"model": "auth.permission", "pk": 15, "fields": {"name": "Can delete user", "content_type": 4, "codename": "delete_user"}}, {"model": "auth.permission", "pk": 16, "fields": {"name": "Can view user", "content_type": 4, "codename": "view_user"}}, {"model": "auth.permission", "pk": 17, "fields": {"name": "Can add content type", "content_type": 5, "codename": "add_contenttype"}}, {"model": "auth.permission", "pk": 18, "fields": {"name": "Can change content type", "content_type": 5, "codename": "change_contenttype"}}, {"model": "auth.permission", "pk": 19, "fields": {"name": "Can delete content type", "content_type": 5, "codename": "delete_contenttype"}}, {"model": "auth.permission", "pk": 20, "fields": {"name": "Can view content type", "content_type": 5, "codename": "view_contenttype"}}, {"model": "auth.permission", "pk": 21, "fields": {"name": "Can add session", "content_type": 6, "codename": "add_session"}}, {"model": "auth.permission", "pk": 22, "fields": {"name": "Can change session", "content_type": 6, "codename": "change_session"}}, {"model": "auth.permission", "pk": 23, "fields": {"name": "Can delete session", "content_type": 6, "codename": "delete_session"}}, {"model": "auth.permission", "pk": 24, "fields": {"name": "Can view session", "content_type": 6, "codename": "view_session"}}, {"model": "auth.permission", "pk": 25, "fields": {"name": "Can add crontab", "content_type": 7, "codename": "add_crontabschedule"}}, {"model": "auth.permission", "pk": 26, "fields": {"name": "Can change crontab", "content_type": 7, "codename": "change_crontabschedule"}}, {"model": "auth.permission", "pk": 27, "fields": {"name": "Can delete crontab", "content_type": 7, "codename": "delete_crontabschedule"}}, {"model": "auth.permission", "pk": 28, "fields": {"name": "Can view crontab", "content_type": 7, "codename": "view_crontabschedule"}}, {"model": "auth.permission", "pk": 29, "fields": {"name": "Can add interval", "content_type": 8, "codename": "add_intervalschedule"}}, {"model": "auth.permission", "pk": 30, "fields": {"name": "Can change interval", "content_type": 8, "codename": "change_intervalschedule"}}, {"model": "auth.permission", "pk": 31, "fields": {"name": "Can delete interval", "content_type": 8, "codename": "delete_intervalschedule"}}, {"model": "auth.permission", "pk": 32, "fields": {"name": "Can view interval", "content_type": 8, "codename": "view_intervalschedule"}}, {"model": "auth.permission", "pk": 33, "fields": {"name": "Can add periodic task", "content_type": 9, "codename": "add_periodictask"}}, {"model": "auth.permission", "pk": 34, "fields": {"name": "Can change periodic task", "content_type": 9, "codename": "change_periodictask"}}, {"model": "auth.permission", "pk": 35, "fields": {"name": "Can delete periodic task", "content_type": 9, "codename": "delete_periodictask"}}, {"model": "auth.permission", "pk": 36, "fields": {"name": "Can view periodic task", "content_type": 9, "codename": "view_periodictask"}}, {"model": "auth.permission", "pk": 37, "fields": {"name": "Can add periodic tasks", "content_type": 10, "codename": "add_periodictasks"}}, {"model": "auth.permission", "pk": 38, "fields": {"name": "Can change periodic tasks", "content_type": 10, "codename": "change_periodictasks"}}, {"model": "auth.permission", "pk": 39, "fields": {"name": "Can delete periodic tasks", "content_type": 10, "codename": "delete_periodictasks"}}, {"model": "auth.permission", "pk": 40, "fields": {"name": "Can view periodic tasks", "content_type": 10, "codename": "view_periodictasks"}}, {"model": "auth.permission", "pk": 41, "fields": {"name": "Can add solar event", "content_type": 11, "codename": "add_solarschedule"}}, {"model": "auth.permission", "pk": 42, "fields": {"name": "Can change solar event", "content_type": 11, "codename": "change_solarschedule"}}, {"model": "auth.permission", "pk": 43, "fields": {"name": "Can delete solar event", "content_type": 11, "codename": "delete_solarschedule"}}, {"model": "auth.permission", "pk": 44, "fields": {"name": "Can view solar event", "content_type": 11, "codename": "view_solarschedule"}}, {"model": "auth.permission", "pk": 45, "fields": {"name": "Can add caller", "content_type": 12, "codename": "add_caller"}}, {"model": "auth.permission", "pk": 46, "fields": {"name": "Can change caller", "content_type": 12, "codename": "change_caller"}}, {"model": "auth.permission", "pk": 47, "fields": {"name": "Can delete caller", "content_type": 12, "codename": "delete_caller"}}, {"model": "auth.permission", "pk": 48, "fields": {"name": "Can view caller", "content_type": 12, "codename": "view_caller"}}, {"model": "auth.permission", "pk": 49, "fields": {"name": "Can add credential", "content_type": 13, "codename": "add_credential"}}, {"model": "auth.permission", "pk": 50, "fields": {"name": "Can change credential", "content_type": 13, "codename": "change_credential"}}, {"model": "auth.permission", "pk": 51, "fields": {"name": "Can delete credential", "content_type": 13, "codename": "delete_credential"}}, {"model": "auth.permission", "pk": 52, "fields": {"name": "Can view credential", "content_type": 13, "codename": "view_credential"}}, {"model": "auth.permission", "pk": 53, "fields": {"name": "Can add calendar", "content_type": 14, "codename": "add_calendar"}}, {"model": "auth.permission", "pk": 54, "fields": {"name": "Can change calendar", "content_type": 14, "codename": "change_calendar"}}, {"model": "auth.permission", "pk": 55, "fields": {"name": "Can delete calendar", "content_type": 14, "codename": "delete_calendar"}}, {"model": "auth.permission", "pk": 56, "fields": {"name": "Can view calendar", "content_type": 14, "codename": "view_calendar"}}, {"model": "auth.permission", "pk": 57, "fields": {"name": "Can add calendar relation", "content_type": 15, "codename": "add_calendarrelation"}}, {"model": "auth.permission", "pk": 58, "fields": {"name": "Can change calendar relation", "content_type": 15, "codename": "change_calendarrelation"}}, {"model": "auth.permission", "pk": 59, "fields": {"name": "Can delete calendar relation", "content_type": 15, "codename": "delete_calendarrelation"}}, {"model": "auth.permission", "pk": 60, "fields": {"name": "Can view calendar relation", "content_type": 15, "codename": "view_calendarrelation"}}, {"model": "auth.permission", "pk": 61, "fields": {"name": "Can add event", "content_type": 16, "codename": "add_event"}}, {"model": "auth.permission", "pk": 62, "fields": {"name": "Can change event", "content_type": 16, "codename": "change_event"}}, {"model": "auth.permission", "pk": 63, "fields": {"name": "Can delete event", "content_type": 16, "codename": "delete_event"}}, {"model": "auth.permission", "pk": 64, "fields": {"name": "Can view event", "content_type": 16, "codename": "view_event"}}, {"model": "auth.permission", "pk": 65, "fields": {"name": "Can add event relation", "content_type": 17, "codename": "add_eventrelation"}}, {"model": "auth.permission", "pk": 66, "fields": {"name": "Can change event relation", "content_type": 17, "codename": "change_eventrelation"}}, {"model": "auth.permission", "pk": 67, "fields": {"name": "Can delete event relation", "content_type": 17, "codename": "delete_eventrelation"}}, {"model": "auth.permission", "pk": 68, "fields": {"name": "Can view event relation", "content_type": 17, "codename": "view_eventrelation"}}, {"model": "auth.permission", "pk": 69, "fields": {"name": "Can add occurrence", "content_type": 18, "codename": "add_occurrence"}}, {"model": "auth.permission", "pk": 70, "fields": {"name": "Can change occurrence", "content_type": 18, "codename": "change_occurrence"}}, {"model": "auth.permission", "pk": 71, "fields": {"name": "Can delete occurrence", "content_type": 18, "codename": "delete_occurrence"}}, {"model": "auth.permission", "pk": 72, "fields": {"name": "Can view occurrence", "content_type": 18, "codename": "view_occurrence"}}, {"model": "auth.permission", "pk": 73, "fields": {"name": "Can add rule", "content_type": 19, "codename": "add_rule"}}, {"model": "auth.permission", "pk": 74, "fields": {"name": "Can change rule", "content_type": 19, "codename": "change_rule"}}, {"model": "auth.permission", "pk": 75, "fields": {"name": "Can delete rule", "content_type": 19, "codename": "delete_rule"}}, {"model": "auth.permission", "pk": 76, "fields": {"name": "Can view rule", "content_type": 19, "codename": "view_rule"}}, {"model": "auth.permission", "pk": 77, "fields": {"name": "Can add token", "content_type": 20, "codename": "add_token"}}, {"model": "auth.permission", "pk": 78, "fields": {"name": "Can change token", "content_type": 20, "codename": "change_token"}}, {"model": "auth.permission", "pk": 79, "fields": {"name": "Can delete token", "content_type": 20, "codename": "delete_token"}}, {"model": "auth.permission", "pk": 80, "fields": {"name": "Can view token", "content_type": 20, "codename": "view_token"}}, {"model": "auth.permission", "pk": 81, "fields": {"name": "Can add user profile", "content_type": 21, "codename": "add_userprofile"}}, {"model": "auth.permission", "pk": 82, "fields": {"name": "Can change user profile", "content_type": 21, "codename": "change_userprofile"}}, {"model": "auth.permission", "pk": 83, "fields": {"name": "Can delete user profile", "content_type": 21, "codename": "delete_userprofile"}}, {"model": "auth.permission", "pk": 84, "fields": {"name": "Can view user profile", "content_type": 21, "codename": "view_userprofile"}}, {"model": "auth.permission", "pk": 85, "fields": {"name": "Can add eventlog", "content_type": 22, "codename": "add_eventlog"}}, {"model": "auth.permission", "pk": 86, "fields": {"name": "Can change eventlog", "content_type": 22, "codename": "change_eventlog"}}, {"model": "auth.permission", "pk": 87, "fields": {"name": "Can delete eventlog", "content_type": 22, "codename": "delete_eventlog"}}, {"model": "auth.permission", "pk": 88, "fields": {"name": "Can view eventlog", "content_type": 22, "codename": "view_eventlog"}}, {"model": "auth.permission", "pk": 89, "fields": {"name": "Can add incidents", "content_type": 23, "codename": "add_incident"}}, {"model": "auth.permission", "pk": 90, "fields": {"name": "Can change incidents", "content_type": 23, "codename": "change_incident"}}, {"model": "auth.permission", "pk": 91, "fields": {"name": "Can delete incidents", "content_type": 23, "codename": "delete_incident"}}, {"model": "auth.permission", "pk": 92, "fields": {"name": "Can view incidents", "content_type": 23, "codename": "view_incident"}}, {"model": "auth.permission", "pk": 93, "fields": {"name": "Can add incident silenced", "content_type": 24, "codename": "add_incidentsilenced"}}, {"model": "auth.permission", "pk": 94, "fields": {"name": "Can change incident silenced", "content_type": 24, "codename": "change_incidentsilenced"}}, {"model": "auth.permission", "pk": 95, "fields": {"name": "Can delete incident silenced", "content_type": 24, "codename": "delete_incidentsilenced"}}, {"model": "auth.permission", "pk": 96, "fields": {"name": "Can view incident silenced", "content_type": 24, "codename": "view_incidentsilenced"}}, {"model": "auth.permission", "pk": 97, "fields": {"name": "Can add scheduled_notifications", "content_type": 25, "codename": "add_schedulednotification"}}, {"model": "auth.permission", "pk": 98, "fields": {"name": "Can change scheduled_notifications", "content_type": 25, "codename": "change_schedulednotification"}}, {"model": "auth.permission", "pk": 99, "fields": {"name": "Can delete scheduled_notifications", "content_type": 25, "codename": "delete_schedulednotification"}}, {"model": "auth.permission", "pk": 100, "fields": {"name": "Can view scheduled_notifications", "content_type": 25, "codename": "view_schedulednotification"}}, {"model": "auth.permission", "pk": 101, "fields": {"name": "Can add user_notification_method", "content_type": 26, "codename": "add_usernotificationmethod"}}, {"model": "auth.permission", "pk": 102, "fields": {"name": "Can change user_notification_method", "content_type": 26, "codename": "change_usernotificationmethod"}}, {"model": "auth.permission", "pk": 103, "fields": {"name": "Can delete user_notification_method", "content_type": 26, "codename": "delete_usernotificationmethod"}}, {"model": "auth.permission", "pk": 104, "fields": {"name": "Can view user_notification_method", "content_type": 26, "codename": "view_usernotificationmethod"}}, {"model": "auth.permission", "pk": 105, "fields": {"name": "Can add schedule_policy", "content_type": 27, "codename": "add_schedulepolicy"}}, {"model": "auth.permission", "pk": 106, "fields": {"name": "Can change schedule_policy", "content_type": 27, "codename": "change_schedulepolicy"}}, {"model": "auth.permission", "pk": 107, "fields": {"name": "Can delete schedule_policy", "content_type": 27, "codename": "delete_schedulepolicy"}}, {"model": "auth.permission", "pk": 108, "fields": {"name": "Can view schedule_policy", "content_type": 27, "codename": "view_schedulepolicy"}}, {"model": "auth.permission", "pk": 109, "fields": {"name": "Can add schedule_policy_rule", "content_type": 28, "codename": "add_schedulepolicyrule"}}, {"model": "auth.permission", "pk": 110, "fields": {"name": "Can change schedule_policy_rule", "content_type": 28, "codename": "change_schedulepolicyrule"}}, {"model": "auth.permission", "pk": 111, "fields": {"name": "Can delete schedule_policy_rule", "content_type": 28, "codename": "delete_schedulepolicyrule"}}, {"model": "auth.permission", "pk": 112, "fields": {"name": "Can view schedule_policy_rule", "content_type": 28, "codename": "view_schedulepolicyrule"}}, {"model": "auth.permission", "pk": 113, "fields": {"name": "Can add schedule_policy", "content_type": 29, "codename": "add_schedulepolicy"}}, {"model": "auth.permission", "pk": 114, "fields": {"name": "Can change schedule_policy", "content_type": 29, "codename": "change_schedulepolicy"}}, {"model": "auth.permission", "pk": 115, "fields": {"name": "Can delete schedule_policy", "content_type": 29, "codename": "delete_schedulepolicy"}}, {"model": "auth.permission", "pk": 116, "fields": {"name": "Can view schedule_policy", "content_type": 29, "codename": "view_schedulepolicy"}}, {"model": "auth.permission", "pk": 117, "fields": {"name": "Can add schedule_policy_rule", "content_type": 30, "codename": "add_schedulepolicyrule"}}, {"model": "auth.permission", "pk": 118, "fields": {"name": "Can change schedule_policy_rule", "content_type": 30, "codename": "change_schedulepolicyrule"}}, {"model": "auth.permission", "pk": 119, "fields": {"name": "Can delete schedule_policy_rule", "content_type": 30, "codename": "delete_schedulepolicyrule"}}, {"model": "auth.permission", "pk": 120, "fields": {"name": "Can view schedule_policy_rule", "content_type": 30, "codename": "view_schedulepolicyrule"}}, {"model": "auth.permission", "pk": 121, "fields": {"name": "Can add service", "content_type": 31, "codename": "add_service"}}, {"model": "auth.permission", "pk": 122, "fields": {"name": "Can change service", "content_type": 31, "codename": "change_service"}}, {"model": "auth.permission", "pk": 123, "fields": {"name": "Can delete service", "content_type": 31, "codename": "delete_service"}}, {"model": "auth.permission", "pk": 124, "fields": {"name": "Can view service", "content_type": 31, "codename": "view_service"}}, {"model": "auth.permission", "pk": 125, "fields": {"name": "Can add service silenced", "content_type": 32, "codename": "add_servicesilenced"}}, {"model": "auth.permission", "pk": 126, "fields": {"name": "Can change service silenced", "content_type": 32, "codename": "change_servicesilenced"}}, {"model": "auth.permission", "pk": 127, "fields": {"name": "Can delete service silenced", "content_type": 32, "codename": "delete_servicesilenced"}}, {"model": "auth.permission", "pk": 128, "fields": {"name": "Can view service silenced", "content_type": 32, "codename": "view_servicesilenced"}}, {"model": "auth.permission", "pk": 129, "fields": {"name": "Can add service_tokens", "content_type": 33, "codename": "add_servicetokens"}}, {"model": "auth.permission", "pk": 130, "fields": {"name": "Can change service_tokens", "content_type": 33, "codename": "change_servicetokens"}}, {"model": "auth.permission", "pk": 131, "fields": {"name": "Can delete service_tokens", "content_type": 33, "codename": "delete_servicetokens"}}, {"model": "auth.permission", "pk": 132, "fields": {"name": "Can view service_tokens", "content_type": 33, "codename": "view_servicetokens"}}, {"model": "auth.group", "pk": 1, "fields": {"name": "Demo Group", "permissions": []}}, {"model": "auth.user", "pk": 1, "fields": {"password": "pbkdf2_sha256$120000$IvDAiB0mm2xj$Z1v52Zwhfu5tIatYprsC2IS+tIL0Y1UmDSqSkevdLpg=", "last_login": "2018-11-27T15:26:11.675Z", "is_superuser": true, "username": "demo", "first_name": "Demo", "last_name": "User", "email": "demo@openduty.com", "is_staff": true, "is_active": true, "date_joined": "2018-11-26T15:46:53Z", "groups": [1], "user_permissions": []}}, {"model": "auth.user", "pk": 2, "fields": {"password": "pbkdf2_sha256$120000$p7K5dTgl8OuX$6OMNa2+HrZy1geEkCjNMbP3Lj3WdaVPOEV87Bgbld80=", "last_login": null, "is_superuser": false, "username": "demo2", "first_name": "Demo2", "last_name": "User2", "email": "demo2@openduty.com", "is_staff": true, "is_active": true, "date_joined": "2018-11-26T21:47:32Z", "groups": [1], "user_permissions": []}}, {"model": "django_twilio.caller", "pk": 1, "fields": {"blacklisted": false, "phone_number": "+41764744645"}}, {"model": "django_twilio.caller", "pk": 2, "fields": {"blacklisted": false, "phone_number": "+40764744645"}}, {"model": "django_twilio.credential", "pk": 1, "fields": {"name": "demo", "user": 1, "account_sid": "qwertyuiop", "auth_token": "qwertyuiop"}}, {"model": "django_twilio.credential", "pk": 2, "fields": {"name": "demo2", "user": 2, "account_sid": "qwertyuiop", "auth_token": "qwertyuiop"}}, {"model": "schedule.calendar", "pk": 1, "fields": {"name": "Demo", "slug": "demo-1"}}, {"model": "schedule.calendar", "pk": 2, "fields": {"name": "Calendar 2", "slug": "calendar-2"}}, {"model": "schedule.rule", "pk": 1, "fields": {"name": "Schedule Rule 1", "description": "Demo content description about Schedule Rule 1", "frequency": "HOURLY", "params": "Demo content description about Schedule Rule 1"}}, {"model": "schedule.rule", "pk": 2, "fields": {"name": "Rule 2", "description": "description rule 2", "frequency": "MINUTELY", "params": "a = 2"}}, {"model": "schedule.event", "pk": 1, "fields": {"start": "2018-11-26T20:27:28Z", "end": "2018-11-27T20:27:35Z", "title": "Event 1", "description": "Demo content description about event 1", "creator": 1, "created_on": "2018-11-26T20:28:24.843Z", "updated_on": "2018-11-26T20:28:24.843Z", "rule": 1, "end_recurring_period": "2018-11-30T20:28:23Z", "calendar": 1, "color_event": "#000000"}}, {"model": "schedule.event", "pk": 2, "fields": {"start": "2018-11-28T00:00:00Z", "end": "2018-12-29T00:00:00Z", "title": "Event 2", "description": "", "creator": 1, "created_on": "2018-11-26T21:12:02.045Z", "updated_on": "2018-11-26T21:43:54.401Z", "rule": 2, "end_recurring_period": "2018-12-09T21:11:28Z", "calendar": 2, "color_event": "#000000"}}, {"model": "schedule.event", "pk": 3, "fields": {"start": "2018-11-27T00:00:00Z", "end": "2018-11-28T00:00:00Z", "title": "demo, demo", "description": "wqertyu", "creator": 1, "created_on": "2018-11-26T21:33:54.074Z", "updated_on": "2018-11-26T21:44:16.496Z", "rule": 2, "end_recurring_period": "2018-11-30T00:00:00Z", "calendar": 2, "color_event": "#000000"}}, {"model": "schedule.event", "pk": 4, "fields": {"start": "2018-11-29T01:30:00Z", "end": "2018-11-30T02:00:00Z", "title": "Demo Group,Demo Group", "description": "asdfg", "creator": 1, "created_on": "2018-11-26T21:56:40.174Z", "updated_on": "2018-11-26T21:56:40.174Z", "rule": 2, "end_recurring_period": "2018-11-30T00:00:00Z", "calendar": 1, "color_event": ""}}, {"model": "accounts.token", "pk": "0aa8fe734605e984500df39f756fc925af1b46e4", "fields": {"created": "2018-11-26T16:18:31.396Z"}}, {"model": "accounts.token", "pk": "4bb275bcb4ca991da2dff78e548278c890ed6f96", "fields": {"created": "2018-11-26T16:18:12.910Z"}}, {"model": "accounts.token", "pk": "cda95a1a396ddf028d040355a534e746e980ce6d", "fields": {"created": "2018-11-26T16:18:28.888Z"}}, {"model": "accounts.token", "pk": "qwertyuiop", "fields": {"created": "2018-11-26T15:49:59.102Z"}}, {"model": "accounts.userprofile", "pk": 1, "fields": {"user": 1, "phone_number": "+41764744645", "pushover_user_key": "qwertyuiop", "pushover_app_key": "qwertyuiop", "slack_room_name": "qwertyuiop", "prowl_api_key": "qwertyuiop", "prowl_application": "qwertyuiop", "prowl_url": "qwertyuiop", "rocket_webhook_url": "qwertyuiop", "hipchat_room_name": "qwertyuiop", "hipchat_room_url": "qwertyuiop", "send_resolve_enabled": true}}, {"model": "accounts.userprofile", "pk": 2, "fields": {"user": 2, "phone_number": "+44764744645", "pushover_user_key": "qwertyuiop", "pushover_app_key": "qwertyuiop", "slack_room_name": "qwertyuiop", "prowl_api_key": "qwertyuiop", "prowl_application": "qwertyuiop", "prowl_url": "qwertyuiop", "rocket_webhook_url": "qwertyuiop", "hipchat_room_name": "qwertyuiop", "hipchat_room_url": "qwertyuiop", "send_resolve_enabled": true}}, {"model": "policies.schedulepolicy", "pk": 1, "fields": {"name": "Policy 1", "repeat_times": 3}}, {"model": "policies.schedulepolicy", "pk": 2, "fields": {"name": "Policy 2", "repeat_times": 5}}, {"model": "policies.schedulepolicy", "pk": 3, "fields": {"name": "Policy 3", "repeat_times": 2}}, {"model": "policies.schedulepolicyrule", "pk": 1, "fields": {"schedule_policy": 1, "position": 1, "user_id": null, "group_id": null, "schedule": 1, "escalate_after": 0}}, {"model": "policies.schedulepolicyrule", "pk": 2, "fields": {"schedule_policy": 2, "position": 1, "user_id": 1, "group_id": null, "schedule": null, "escalate_after": 0}}, {"model": "policies.schedulepolicyrule", "pk": 3, "fields": {"schedule_policy": 3, "position": 1, "user_id": null, "group_id": null, "schedule": 1, "escalate_after": 0}}, {"model": "schedules.schedulepolicy", "pk": 1, "fields": {"name": "Demo Schedule Policy 1", "repeat_times": 3}}, {"model": "schedules.schedulepolicy", "pk": 2, "fields": {"name": "Demo Schedule Policy 2", "repeat_times": 2}}, {"model": "schedules.schedulepolicy", "pk": 3, "fields": {"name": "Demo Schedule Policy  3", "repeat_times": 3}}, {"model": "services.service", "pk": "1a32b4c9-6ce3-4c0f-a734-046b4c8bdf6f", "fields": {"name": "Demo Service 1", "retry": 3, "policy": 1, "escalate_after": 1, "notifications_disabled": false, "send_resolve_enabled": true}}, {"model": "services.service", "pk": "2b1e704d-616d-48a6-bfbf-a73382c69deb", "fields": {"name": "Demo Service key 3", "retry": 3, "policy": 3, "escalate_after": 4, "notifications_disabled": false, "send_resolve_enabled": true}}, {"model": "services.service", "pk": "7bece19f-057e-4db8-b6a4-5275b6c916d9", "fields": {"name": "Demo Service 2", "retry": 3, "policy": 2, "escalate_after": 3, "notifications_disabled": false, "send_resolve_enabled": true}}, {"model": "services.service", "pk": "acaede8f-1f05-4d9b-a9e2-747d4140eabf", "fields": {"name": "Demo Service key 1", "retry": 3, "policy": 2, "escalate_after": 2, "notifications_disabled": false, "send_resolve_enabled": true}}, {"model": "services.service", "pk": "ebc956ad-5f0f-4385-8781-9290e4e06902", "fields": {"name": "Demo Service key 2", "retry": 2, "policy": 2, "escalate_after": -1, "notifications_disabled": true, "send_resolve_enabled": false}}, {"model": "services.servicetokens", "pk": 1, "fields": {"name": "", "service_id": "1a32b4c9-6ce3-4c0f-a734-046b4c8bdf6f", "token_id": "4bb275bcb4ca991da2dff78e548278c890ed6f96"}}, {"model": "services.servicetokens", "pk": 2, "fields": {"name": "", "service_id": "acaede8f-1f05-4d9b-a9e2-747d4140eabf", "token_id": "cda95a1a396ddf028d040355a534e746e980ce6d"}}, {"model": "services.servicetokens", "pk": 3, "fields": {"name": "", "service_id": "acaede8f-1f05-4d9b-a9e2-747d4140eabf", "token_id": "0aa8fe734605e984500df39f756fc925af1b46e4"}}, {"model": "incidents.incident", "pk": 1, "fields": {"service_key": "acaede8f-1f05-4d9b-a9e2-747d4140eabf", "incident_key": "qwerty1", "event_type": "acknowledge", "description": "Demo Description Service 1", "details": "Demo Details Service 1", "occurred_at": "2018-11-26T15:54:39Z", "service_to_escalate_to": "1a32b4c9-6ce3-4c0f-a734-046b4c8bdf6f"}}, {"model": "events.eventlog", "pk": 1, "fields": {"user": 1, "incident_key": 1, "action": "log", "service_key": "7bece19f-057e-4db8-b6a4-5275b6c916d9", "data": "Some demo data about this Event", "occurred_at": "2018-11-26T15:55:40Z"}}, {"model": "events.eventlog", "pk": 2, "fields": {"user": 2, "incident_key": 1, "action": "notified", "service_key": "ebc956ad-5f0f-4385-8781-9290e4e06902", "data": "The password is too similar to the email address.\r\nThis password is too short. It must contain at least 8 characters.", "occurred_at": "2018-11-26T21:53:09Z"}}, {"model": "events.eventlog", "pk": 3, "fields": {"user": 1, "incident_key": 1, "action": "resolve", "service_key": "7bece19f-057e-4db8-b6a4-5275b6c916d9", "data": "The password is too similar to the email address.\r\nThis password is too short. It must contain at least 8 characters.", "occurred_at": "2018-11-26T21:53:30Z"}}, {"model": "events.eventlog", "pk": 4, "fields": {"user": 2, "incident_key": 1, "action": "unsilence_incident", "service_key": "7bece19f-057e-4db8-b6a4-5275b6c916d9", "data": "The password is too similar to the email address.", "occurred_at": "2018-11-26T22:53:50Z"}}, {"model": "events.eventlog", "pk": 5, "fields": {"user": 1, "incident_key": 1, "action": "unsilence_incident", "service_key": "acaede8f-1f05-4d9b-a9e2-747d4140eabf", "data": "GRANT ALL ON SCHEMA public TO PUBLIC;", "occurred_at": "2018-11-25T06:00:00Z"}}, {"model": "admin.logentry", "pk": 1, "fields": {"action_time": "2018-11-26T15:49:47.906Z", "user": 1, "content_type": 21, "object_id": "1", "object_repr": "UserProfile object (1)", "action_flag": 1, "change_message": "[{\"added\": {}}]"}}, {"model": "admin.logentry", "pk": 2, "fields": {"action_time": "2018-11-26T15:49:59.104Z", "user": 1, "content_type": 20, "object_id": "qwertyuiop", "object_repr": "qwertyuiop", "action_flag": 1, "change_message": "[{\"added\": {}}]"}}, {"model": "admin.logentry", "pk": 3, "fields": {"action_time": "2018-11-26T15:50:15.073Z", "user": 1, "content_type": 12, "object_id": "1", "object_repr": "+41764744645", "action_flag": 1, "change_message": "[{\"added\": {}}]"}}, {"model": "admin.logentry", "pk": 4, "fields": {"action_time": "2018-11-26T15:50:29.018Z", "user": 1, "content_type": 13, "object_id": "1", "object_repr": "demo - qwertyuiop", "action_flag": 1, "change_message": "[{\"added\": {}}]"}}, {"model": "admin.logentry", "pk": 5, "fields": {"action_time": "2018-11-26T15:51:29.828Z", "user": 1, "content_type": 29, "object_id": "1", "object_repr": "Demo Schedule Policy 1", "action_flag": 1, "change_message": "[{\"added\": {}}]"}}, {"model": "admin.logentry", "pk": 6, "fields": {"action_time": "2018-11-26T15:51:41.901Z", "user": 1, "content_type": 29, "object_id": "2", "object_repr": "Demo Schedule Policy 3", "action_flag": 1, "change_message": "[{\"added\": {}}]"}}, {"model": "admin.logentry", "pk": 7, "fields": {"action_time": "2018-11-26T15:51:52.142Z", "user": 1, "content_type": 29, "object_id": "3", "object_repr": "Demo Schedule Policy  2", "action_flag": 1, "change_message": "[{\"added\": {}}]"}}, {"model": "admin.logentry", "pk": 8, "fields": {"action_time": "2018-11-26T15:52:11.694Z", "user": 1, "content_type": 29, "object_id": "2", "object_repr": "Demo Schedule Policy2", "action_flag": 2, "change_message": "[{\"changed\": {\"fields\": [\"name\"]}}]"}}, {"model": "admin.logentry", "pk": 9, "fields": {"action_time": "2018-11-26T15:52:19.925Z", "user": 1, "content_type": 29, "object_id": "3", "object_repr": "Demo Schedule Policy  3", "action_flag": 2, "change_message": "[{\"changed\": {\"fields\": [\"name\", \"repeat_times\"]}}]"}}, {"model": "admin.logentry", "pk": 10, "fields": {"action_time": "2018-11-26T15:52:24.710Z", "user": 1, "content_type": 29, "object_id": "2", "object_repr": "Demo Schedule Policy 2", "action_flag": 2, "change_message": "[{\"changed\": {\"fields\": [\"name\"]}}]"}}, {"model": "admin.logentry", "pk": 11, "fields": {"action_time": "2018-11-26T15:52:42.812Z", "user": 1, "content_type": 31, "object_id": "acaede8f-1f05-4d9b-a9e2-747d4140eabf", "object_repr": "Demo Service key 1", "action_flag": 1, "change_message": "[{\"added\": {}}]"}}, {"model": "admin.logentry", "pk": 12, "fields": {"action_time": "2018-11-26T15:53:22.711Z", "user": 1, "content_type": 31, "object_id": "ebc956ad-5f0f-4385-8781-9290e4e06902", "object_repr": "Demo Service key 2", "action_flag": 1, "change_message": "[{\"added\": {}}]"}}, {"model": "admin.logentry", "pk": 13, "fields": {"action_time": "2018-11-26T15:53:55.265Z", "user": 1, "content_type": 31, "object_id": "2b1e704d-616d-48a6-bfbf-a73382c69deb", "object_repr": "Demo Service key 3", "action_flag": 1, "change_message": "[{\"added\": {}}]"}}, {"model": "admin.logentry", "pk": 14, "fields": {"action_time": "2018-11-26T15:54:59.716Z", "user": 1, "content_type": 31, "object_id": "1a32b4c9-6ce3-4c0f-a734-046b4c8bdf6f", "object_repr": "Demo Service 1", "action_flag": 1, "change_message": "[{\"added\": {}}]"}}, {"model": "admin.logentry", "pk": 15, "fields": {"action_time": "2018-11-26T15:55:34.466Z", "user": 1, "content_type": 23, "object_id": "1", "object_repr": "qwerty1", "action_flag": 1, "change_message": "[{\"added\": {}}]"}}, {"model": "admin.logentry", "pk": 16, "fields": {"action_time": "2018-11-26T15:56:25.069Z", "user": 1, "content_type": 31, "object_id": "7bece19f-057e-4db8-b6a4-5275b6c916d9", "object_repr": "Demo Service 2", "action_flag": 1, "change_message": "[{\"added\": {}}]"}}, {"model": "admin.logentry", "pk": 17, "fields": {"action_time": "2018-11-26T15:56:29.668Z", "user": 1, "content_type": 22, "object_id": "1", "object_repr": "Some demo data about this Event", "action_flag": 1, "change_message": "[{\"added\": {}}]"}}, {"model": "admin.logentry", "pk": 18, "fields": {"action_time": "2018-11-26T20:28:12.623Z", "user": 1, "content_type": 19, "object_id": "1", "object_repr": "Rule Schedule Rule 1 params Demo content description about Schedule Rule 1", "action_flag": 1, "change_message": "[{\"added\": {}}]"}}, {"model": "admin.logentry", "pk": 19, "fields": {"action_time": "2018-11-26T20:28:24.846Z", "user": 1, "content_type": 16, "object_id": "1", "object_repr": "Event 1: Nov. 26, 2018 - Nov. 27, 2018", "action_flag": 1, "change_message": "[{\"added\": {}}]"}}, {"model": "admin.logentry", "pk": 20, "fields": {"action_time": "2018-11-26T21:04:06.164Z", "user": 1, "content_type": 3, "object_id": "1", "object_repr": "Demo Group", "action_flag": 1, "change_message": "[{\"added\": {}}]"}}, {"model": "admin.logentry", "pk": 21, "fields": {"action_time": "2018-11-26T21:04:27.213Z", "user": 1, "content_type": 4, "object_id": "1", "object_repr": "demo", "action_flag": 2, "change_message": "[{\"changed\": {\"fields\": [\"first_name\", \"last_name\", \"groups\"]}}]"}}, {"model": "admin.logentry", "pk": 22, "fields": {"action_time": "2018-11-26T21:11:25.196Z", "user": 1, "content_type": 19, "object_id": "2", "object_repr": "Rule Rule 2 params a = 2", "action_flag": 1, "change_message": "[{\"added\": {}}]"}}, {"model": "admin.logentry", "pk": 23, "fields": {"action_time": "2018-11-26T21:12:02.046Z", "user": 1, "content_type": 16, "object_id": "2", "object_repr": "Event 2: Nov. 26, 2018 - Dec. 20, 2018", "action_flag": 1, "change_message": "[{\"added\": {}}]"}}, {"model": "admin.logentry", "pk": 24, "fields": {"action_time": "2018-11-26T21:39:10.386Z", "user": 1, "content_type": 16, "object_id": "3", "object_repr": "demo,demo: Nov. 28, 2018 - Nov. 29, 2018", "action_flag": 2, "change_message": "[{\"changed\": {\"fields\": [\"color_event\", \"calendar\"]}}]"}}, {"model": "admin.logentry", "pk": 25, "fields": {"action_time": "2018-11-26T21:39:22.230Z", "user": 1, "content_type": 16, "object_id": "3", "object_repr": "Demo 2: Nov. 28, 2018 - Nov. 29, 2018", "action_flag": 2, "change_message": "[{\"changed\": {\"fields\": [\"title\"]}}]"}}, {"model": "admin.logentry", "pk": 26, "fields": {"action_time": "2018-11-26T21:40:53.808Z", "user": 1, "content_type": 16, "object_id": "3", "object_repr": "demo, demo: Nov. 28, 2018 - Nov. 29, 2018", "action_flag": 2, "change_message": "[{\"changed\": {\"fields\": [\"title\"]}}]"}}, {"model": "admin.logentry", "pk": 27, "fields": {"action_time": "2018-11-26T21:41:21.811Z", "user": 1, "content_type": 16, "object_id": "2", "object_repr": "Event 2: Nov. 26, 2018 - Dec. 20, 2018", "action_flag": 2, "change_message": "[{\"changed\": {\"fields\": [\"creator\"]}}]"}}, {"model": "admin.logentry", "pk": 28, "fields": {"action_time": "2018-11-26T21:43:54.404Z", "user": 1, "content_type": 16, "object_id": "2", "object_repr": "Event 2: Nov. 28, 2018 - Dec. 29, 2018", "action_flag": 2, "change_message": "[{\"changed\": {\"fields\": [\"start\", \"end\", \"creator\"]}}]"}}, {"model": "admin.logentry", "pk": 29, "fields": {"action_time": "2018-11-26T21:44:16.499Z", "user": 1, "content_type": 16, "object_id": "3", "object_repr": "demo, demo: Nov. 27, 2018 - Nov. 28, 2018", "action_flag": 2, "change_message": "[{\"changed\": {\"fields\": [\"start\", \"end\", \"calendar\"]}}]"}}, {"model": "admin.logentry", "pk": 30, "fields": {"action_time": "2018-11-26T21:47:52.987Z", "user": 1, "content_type": 4, "object_id": "2", "object_repr": "demo2", "action_flag": 2, "change_message": "[{\"changed\": {\"fields\": [\"is_superuser\"]}}]"}}, {"model": "admin.logentry", "pk": 31, "fields": {"action_time": "2018-11-26T21:48:20.353Z", "user": 1, "content_type": 4, "object_id": "2", "object_repr": "demo2", "action_flag": 2, "change_message": "[{\"changed\": {\"fields\": [\"first_name\", \"last_name\", \"groups\"]}}]"}}, {"model": "admin.logentry", "pk": 32, "fields": {"action_time": "2018-11-26T21:49:10.073Z", "user": 1, "content_type": 21, "object_id": "2", "object_repr": "UserProfile object (2)", "action_flag": 1, "change_message": "[{\"added\": {}}]"}}, {"model": "admin.logentry", "pk": 33, "fields": {"action_time": "2018-11-26T21:52:23.277Z", "user": 1, "content_type": 12, "object_id": "2", "object_repr": "+40764744645", "action_flag": 1, "change_message": "[{\"added\": {}}]"}}, {"model": "admin.logentry", "pk": 34, "fields": {"action_time": "2018-11-26T21:52:39.822Z", "user": 1, "content_type": 13, "object_id": "2", "object_repr": "demo2 - qwertyuiop", "action_flag": 1, "change_message": "[{\"added\": {}}]"}}, {"model": "admin.logentry", "pk": 35, "fields": {"action_time": "2018-11-26T21:53:10.538Z", "user": 1, "content_type": 22, "object_id": "2", "object_repr": "The password is too similar to the email address.\r\nThis password is too short. It must contain at least 8 characters.", "action_flag": 1, "change_message": "[{\"added\": {}}]"}}, {"model": "admin.logentry", "pk": 36, "fields": {"action_time": "2018-11-26T21:53:35.242Z", "user": 1, "content_type": 22, "object_id": "3", "object_repr": "The password is too similar to the email address.\r\nThis password is too short. It must contain at least 8 characters.", "action_flag": 1, "change_message": "[{\"added\": {}}]"}}, {"model": "admin.logentry", "pk": 37, "fields": {"action_time": "2018-11-26T21:53:56.251Z", "user": 1, "content_type": 22, "object_id": "4", "object_repr": "The password is too similar to the email address.", "action_flag": 1, "change_message": "[{\"added\": {}}]"}}, {"model": "admin.logentry", "pk": 38, "fields": {"action_time": "2018-11-26T21:54:47.354Z", "user": 1, "content_type": 22, "object_id": "5", "object_repr": "GRANT ALL ON SCHEMA public TO PUBLIC;", "action_flag": 1, "change_message": "[{\"added\": {}}]"}}]